{
  "project_info": {
    "project_number": "21443234884",
    "project_id": "redrestaurantapp",
    "storage_bucket": "redrestaurantapp.appspot.com"
  },
  "client": [
    {
      "client_info": {
        "mobilesdk_app_id": "1:21443234884:android:bc76698855cbc141784011",
        "android_client_info": {
          "package_name": "com.example.redrestaurantapp"
        }
      },
      "oauth_client": [
        {
          "client_id": "21443234884-eqbg45fpdnhn8nqbvqd07dd35ofqppq3.apps.googleusercontent.com",
          "client_type": 1,
          "android_info": {
            "package_name": "com.example.redrestaurantapp",
            "certificate_hash": "4dbff1c5927c8f2fa3d3cb1eb67b0f598bdc8e9b"
          }
        },
        {
          "client_id": "21443234884-qs4798ohnlugn7r6ppibu7kqu5avbekm.apps.googleusercontent.com",
          "client_type": 3
        }
      ],
      "api_key": [
        {
          "current_key": "AIzaSyAGUYXMZ0mosxUjlw3gbFQuTwtviJtPSNk"
        }
      ],
      "services": {
        "appinvite_service": {
          "other_platform_oauth_client": [
            {
              "client_id": "21443234884-qs4798ohnlugn7r6ppibu7kqu5avbekm.apps.googleusercontent.com",
              "client_type": 3
            }
          ]
        }
      }
    }
  ],
  "configuration_version": "1"
}